0,doc1_Q_learner,0.5000060506560928,,7290,0,0
0,doc2_Random,0,,6384,0,0
0,doc1_Q_learner,0.38461896444205895,,7292,0,0
0,doc2_Random,0.5555619756396329,,6384,0,0
0,doc1_Q_learner,0.3333351257467642,,7294,0,0
0,doc2_Random,0.2272738015892149,,6385,0,0
0,doc1_Q_learner,0.1923088852908517,,7294,0,0
0,doc2_Random,0,,6385,0,0
0,doc1_Q_learner,0.14285747199528148,,7295,0,1
0,doc2_Random,0.22727380147750423,,6385,0,0
0,doc1_Q_learner,0,,7295,0,2
0,doc2_Random,0.2272738013658168,,6385,0,0
0,doc1_Q_learner,0.3333351251686565,,7295,0,3
0,doc2_Random,0.27777938212208547,,6385,0,0
0,doc1_Q_learner,0.33333512502418783,,7295,0,4
0,doc2_Random,0.3846199976012474,,6386,0,0
0,doc1_Q_learner,0.29411973918197987,,7295,0,5
0,doc2_Random,0,,6387,0,0
0,doc1_Q_learner,0.18518629085584384,1,7296,0,6
0,doc2_Random,0,,6388,0,0
0,doc1_Q_learner,0.15625039353816628,1,7297,0,7
0,doc2_Random,0,,6389,0,0
1,doc1_Q_learner,0.5000060440733831,,7298,0,8
1,doc2_Random,0.5555619693025242,,6389,0,0
1,doc1_Q_learner,0.416669464608277,,7300,0,8
1,doc2_Random,0.22727380052890064,,6390,0,0
1,doc1_Q_learner,0.5000060428559343,,7300,0,8
1,doc2_Random,0,,6390,0,0
1,doc1_Q_learner,0.18518629023235,1,7302,0,8
1,doc2_Random,0,,6391,0,0
1,doc1_Q_learner,0.3333351233644709,,7303,0,9
1,doc2_Random,0,,6391,0,0
1,doc1_Q_learner,0.2173928268158381,1,7303,0,10
1,doc2_Random,0.38461999257197393,,6392,0,0
1,doc1_Q_learner,0,,7305,0,11
1,doc2_Random,0.2777793799567412,1,6393,0,0
1,doc1_Q_learner,0.35714593836004477,,7306,0,12
1,doc2_Random,0.22727379969328773,,6395,0,0
1,doc1_Q_learner,0.15625039314209224,,7307,0,13
1,doc2_Random,0,,6395,0,0
1,doc1_Q_learner,0.15625039311044078,1,7307,0,13
1,doc2_Random,0.22727379947067733,,6396,0,0
1,doc1_Q_learner,0.41666946190536885,,7308,0,13
1,doc2_Random,0,,6396,0,0
2,doc1_Q_learner,0.5000060370190005,,7308,0,13
2,doc2_Random,1.0000207559310073,,6396,0,0
2,doc1_Q_learner,0.6250062880426581,,7310,0,13
2,doc2_Random,0,,6398,0,0
2,doc1_Q_learner,0.38461895608732394,,7311,0,13
2,doc2_Random,1.0000207537771875,,6398,0,0
2,doc1_Q_learner,0.19230888260307127,,7313,0,13
2,doc2_Random,0.27777937895932164,,6400,0,0
2,doc1_Q_learner,0,,7314,0,13
2,doc2_Random,0.2272737990257337,,6401,0,0
2,doc1_Q_learner,0.1666675605661602,,7314,0,14
2,doc2_Random,0.3846199880311191,,6401,0,0
2,doc1_Q_learner,0.1428574712009635,,7314,0,15
2,doc2_Random,0.38461998731496,,6402,0,0
2,doc1_Q_learner,0,,7314,0,16
2,doc2_Random,0.22727379858115912,,6403,0,0
2,doc1_Q_learner,0.15625039276261052,1,7314,0,17
2,doc2_Random,0.22727379835901015,,6404,0,0
2,doc1_Q_learner,0.4166694594322866,,7315,0,17
2,doc2_Random,0,,6404,0,0
3,doc1_Q_learner,0.5000060316783749,,7315,0,17
3,doc2_Random,0.5555619550067387,,6404,0,0
3,doc1_Q_learner,0.4166694588708326,,7317,0,17
3,doc2_Random,1.0000207322635486,,6405,0,0
3,doc1_Q_learner,0.15625039262049367,,7317,0,17
3,doc2_Random,0.22727379802595934,,6407,0,0
3,doc1_Q_learner,0.185186288011315,,7317,0,17
3,doc2_Random,0.29412033650329183,,6407,0,0
3,doc1_Q_learner,0,,7317,0,18
3,doc2_Random,0.2272737977485752,1,6407,0,0
3,doc1_Q_learner,0.41666945774860165,,7318,0,19
3,doc2_Random,0.277779376719662,,6408,0,0
3,doc1_Q_learner,0.35714593266412725,,7318,0,20
3,doc2_Random,0,,6409,0,0
3,doc1_Q_learner,0.15625039241539526,1,7319,0,21
3,doc2_Random,0,,6410,0,0
3,doc1_Q_learner,0.21739282332924578,1,7320,0,22
3,doc2_Random,0.22727379719423785,,6411,0,0
3,doc1_Q_learner,0.3571459315521709,,7322,0,22
3,doc2_Random,0,,6411,0,0
4,doc1_Q_learner,0.500006025136871,,7323,0,22
4,doc2_Random,0.2941203344145461,,6411,0,0
4,doc1_Q_learner,0.62500627566748,,7325,0,22
4,doc2_Random,0.22727379691728442,,6411,0,0
4,doc1_Q_learner,0.4166694556188462,,7326,0,22
4,doc2_Random,0.2777793754781118,,6411,0,0
4,doc1_Q_learner,0.3571459303176065,,7326,0,22
4,doc2_Random,1.0000207043624092,,6412,0,0
4,doc1_Q_learner,0.35714592994743044,,7327,0,23
4,doc2_Random,0,,6414,0,0
4,doc1_Q_learner,0.1923088800227281,,7328,0,24
4,doc2_Random,0,,6414,0,0
4,doc1_Q_learner,0.18518628637348852,1,7329,0,25
4,doc2_Random,0,,6415,0,0
4,doc1_Q_learner,0.1428574704893482,,7330,0,25
4,doc2_Random,0.22727379636380743,,6415,0,0
4,doc1_Q_learner,0.15625039191144935,1,7330,0,25
4,doc2_Random,0.22727379614257698,,6416,0,0
4,doc1_Q_learner,0.41666945338050676,,7331,0,25
4,doc2_Random,0,,6416,0,0
0,doc1_Q_learner,0.5000060297386711,,7383,0,0
0,doc2_Random,1.0000207818117584,,6394,0,0
0,doc1_Q_learner,0.6250062804602322,,7385,0,0
0,doc2_Random,0.3846199952049868,,6396,0,0
0,doc1_Q_learner,0.41666945774860165,,7386,0,0
0,doc2_Random,0.2941203427890564,,6397,0,0
0,doc1_Q_learner,0,,7386,0,0
0,doc2_Random,0,,6397,0,0
0,doc1_Q_learner,0,,7386,0,1
0,doc2_Random,0,,6397,0,0
0,doc1_Q_learner,0.2173928236344481,,7386,0,2
0,doc2_Random,0,,6397,0,0
0,doc1_Q_learner,0.18518628747959445,,7387,0,3
0,doc2_Random,0.2777793806223781,1,6397,0,0
0,doc1_Q_learner,0.3571459314286698,,7388,0,4
0,doc2_Random,0.22727380013878598,,6399,0,0
0,doc1_Q_learner,0.156250392257773,,7389,0,5
0,doc2_Random,0,,6399,0,0
0,doc1_Q_learner,0,,7389,0,5
0,doc2_Random,0.2272738000273767,,6399,0,0
0,doc1_Q_learner,0.15625039222626375,1,7389,0,6
0,doc2_Random,0.2272737998046276,,6400,0,0
0,doc1_Q_learner,0.4166694556188462,,7390,0,7
0,doc2_Random,0,,6400,0,0
1,doc1_Q_learner,0.5000060234432411,,7390,0,7
1,doc2_Random,0.2941203409701529,,6400,0,0
1,doc1_Q_learner,0.6250062739035726,,7392,0,7
1,doc2_Random,0,,6400,0,0
1,doc1_Q_learner,0.33333511775869035,,7393,0,7
1,doc2_Random,0,,6400,0,0
1,doc1_Q_learner,0.21739282204873384,1,7393,0,7
1,doc2_Random,0.2272737993037802,,6401,0,0
1,doc1_Q_learner,0.41666945416351675,,7395,0,7
1,doc2_Random,0.22727379919254426,,6401,0,0
1,doc1_Q_learner,0.35714592871415424,,7395,0,7
1,doc2_Random,0,,6401,0,0
1,doc1_Q_learner,0.1851862861083533,1,7396,0,7
1,doc2_Random,0,,6402,0,0
1,doc1_Q_learner,0.1562503918485471,1,7397,0,7
1,doc2_Random,0,,6403,0,0
1,doc1_Q_learner,0.15625039181710354,1,7398,0,7
1,doc2_Random,0.22727379863671077,,6404,0,0
1,doc1_Q_learner,0.41666945270970546,,7399,0,7
1,doc2_Random,0.2777793780461108,,6404,0,0
1,doc1_Q_learner,0.3571459271123744,,7399,0,8
1,doc2_Random,0,,6405,0,0
2,doc1_Q_learner,0.5000060164369057,,7400,0,8
2,doc2_Random,1.0000207376377757,,6405,0,0
2,doc1_Q_learner,0.6250062666065072,,7402,0,8
2,doc2_Random,1.0000207354877506,,6407,0,0
2,doc1_Q_learner,0.5000060152305638,,7403,0,8
2,doc2_Random,0.38461998492937133,,6409,0,0
2,doc1_Q_learner,0.21739282022317172,,7405,0,8
2,doc2_Random,0.27777937729971264,,6410,0,0
2,doc1_Q_learner,0.3571459252662415,,7406,0,8
2,doc2_Random,0,,6411,0,0
2,doc1_Q_learner,0.16666755741305872,,7407,0,9
2,doc2_Random,0.22727379791498847,,6411,0,0
2,doc1_Q_learner,0.15625039140879612,1,7407,0,9
2,doc2_Random,0.22727379769311565,,6412,0,0
2,doc1_Q_learner,0,,7408,0,10
2,doc2_Random,0.2272737975822137,1,6412,0,0
2,doc1_Q_learner,0.4166694495835643,,7409,0,11
2,doc2_Random,0,,6413,0,0
2,doc1_Q_learner,0.15625039131469218,1,7409,0,12
2,doc2_Random,0,,6414,0,0
3,doc1_Q_learner,0.5000060099284017,,7410,0,13
3,doc2_Random,1.0000207172305207,,6414,0,0
3,doc1_Q_learner,0.6250062598279298,,7412,0,13
3,doc2_Random,1.0000207150847247,,6416,0,0
3,doc1_Q_learner,0.5000060087246682,,7413,0,13
3,doc2_Random,0.3846199804035592,,6418,0,0
3,doc1_Q_learner,0.21739281858391668,,7415,0,13
3,doc2_Random,0.22727379697266364,,6419,0,0
3,doc1_Q_learner,0.18518628381585195,,7416,0,13
3,doc2_Random,0.27777937556082183,,6419,0,0
3,doc1_Q_learner,0.35714592145792756,,7416,0,13
3,doc2_Random,0,,6420,0,0
3,doc1_Q_learner,0.14285746968918767,,7417,0,13
3,doc2_Random,0.22727379675118115,,6420,0,0
3,doc1_Q_learner,0.1562503909543791,1,7417,0,13
3,doc2_Random,0.22727379652979035,,6421,0,0
3,doc1_Q_learner,0.416669446575708,,7418,0,13
3,doc2_Random,0,,6421,0,0
4,doc1_Q_learner,0.5000060039145523,,7418,0,13
4,doc2_Random,0.294120332745884,,6421,0,0
4,doc1_Q_learner,0.6250062535645318,,7420,0,13
4,doc2_Random,0,,6421,0,0
4,doc1_Q_learner,0.33333511197434484,,7421,0,13
4,doc2_Random,0.2777793746514823,,6421,0,0
4,doc1_Q_learner,0.29411972394573066,,7421,0,13
4,doc2_Random,0.22727379614257698,,6422,0,0
4,doc1_Q_learner,0.21739281694820323,1,7422,0,13
4,doc2_Random,0.22727379581090293,,6423,0,0
4,doc1_Q_learner,0.4166694447963408,,7424,0,14
4,doc2_Random,0.3846199742247538,,6423,0,0
4,doc1_Q_learner,0.18518628254148375,,7424,0,14
4,doc2_Random,0,,6424,0,0
4,doc1_Q_learner,0.15625039057910697,1,7424,0,14
4,doc2_Random,0,,6425,0,0
4,doc1_Q_learner,0.1562503905478668,1,7425,0,14
4,doc2_Random,0.22727379531377764,,6426,0,0
4,doc1_Q_learner,0.4166694436853926,,7426,0,14
4,doc2_Random,0,,6426,0,0
0,doc1_Q_learner,0.41666806473152124,,14295,0,0
0,doc2_Random,1.00001023133038,,12395,0,0
0,doc1_Q_learner,0.5000030196458156,,14295,0,0
0,doc2_Random,0.27777856718606575,,12397,0,0
0,doc1_Q_learner,0.6250031453345881,,14297,0,0
0,doc2_Random,0,,12398,0,0
0,doc1_Q_learner,0.29411869181120986,,14298,0,0
0,doc2_Random,0.384617654580866,,12398,0,0
0,doc1_Q_learner,0.3846171710978578,,14299,0,0
0,doc2_Random,0,,12399,0,0
0,doc1_Q_learner,0.19230828775298836,,14301,0,0
0,doc2_Random,0.2272732556517534,,12399,0,0
0,doc1_Q_learner,0.1562501965351946,1,14302,0,0
0,doc2_Random,0.22727325559770883,,12400,0,0
0,doc1_Q_learner,0.18518573727348817,,14303,0,1
0,doc2_Random,0,,12400,0,0
0,doc1_Q_learner,0,,14303,0,2
0,doc2_Random,0.2272732555706907,,12400,0,0
0,doc1_Q_learner,0.33333422768012255,,14303,0,3
0,doc2_Random,0,,12400,0,0
0,doc1_Q_learner,0.1562501965035572,1,14303,0,3
0,doc2_Random,0,,12401,0,0
1,doc1_Q_learner,0.4166680639719913,,14304,0,3
1,doc2_Random,0.29411897403505605,,12401,0,0
1,doc1_Q_learner,0.5000030180054204,,14304,0,3
1,doc2_Random,0.5555587117446215,,12401,0,0
1,doc1_Q_learner,0.4166680638314282,,14306,0,3
1,doc2_Random,0.22727325544914329,,12402,0,0
1,doc1_Q_learner,0.2173920649359737,,14306,0,3
1,doc2_Random,0.38461765342037474,,12402,0,0
1,doc1_Q_learner,0.1851857370624786,,14307,0,3
1,doc2_Random,0.2272732553816411,,12403,0,0
1,doc1_Q_learner,0.15625019643636154,,14307,0,3
1,doc2_Random,0,,12403,0,0
1,doc1_Q_learner,0.1562501964284592,1,14307,0,3
1,doc2_Random,0.2777785666009735,,12404,0,0
1,doc1_Q_learner,0.3571443964123937,,14308,0,3
1,doc2_Random,0.22727325530066123,,12405,0,0
1,doc1_Q_learner,0.41666806335372497,,14309,0,3
1,doc2_Random,0,,12405,0,0
2,doc1_Q_learner,0.4166680632975461,,14309,0,3
2,doc2_Random,0.38461765278261023,,12405,0,0
2,doc1_Q_learner,0.4166680632413717,,14309,0,3
2,doc2_Random,0.2777785664598742,,12406,0,0
2,doc1_Q_learner,0.15625019638500764,,14309,0,3
2,doc2_Random,0.29411897325521624,,12407,0,0
2,doc1_Q_learner,0.5000030163061511,,14309,0,3
2,doc2_Random,0.22727325516574998,,12407,0,0
2,doc1_Q_learner,0.21739206453835114,,14311,0,3
2,doc2_Random,0.22727325513877603,,12407,0,0
2,doc1_Q_learner,0.18518573677398986,,14312,0,4
2,doc2_Random,0.5555587095675376,,12407,0,0
2,doc1_Q_learner,0.35714439573158563,,14312,0,5
2,doc2_Random,0.5555587094063917,,12408,0,0
2,doc1_Q_learner,0.15625019632183967,,14313,0,6
2,doc2_Random,0.22727325505787063,,12409,0,0
3,doc1_Q_learner,0.41666806267987627,,14313,0,7
3,doc2_Random,0.2941189728148425,,12409,0,0
3,doc1_Q_learner,0.6250031409087026,,14313,0,7
3,doc2_Random,0.3846176515660548,,12409,0,0
3,doc1_Q_learner,0.4166680625676314,,14314,0,7
3,doc2_Random,0.2272732549500353,,12410,0,0
3,doc1_Q_learner,0.18518573660769122,,14314,0,7
3,doc2_Random,0.2777785659966176,,12410,0,0
3,doc1_Q_learner,0.35714439526774344,,14314,0,7
3,doc2_Random,0,,12411,0,0
3,doc1_Q_learner,0.3846171683692399,,14315,0,7
3,doc2_Random,0,,12411,0,0
3,doc1_Q_learner,0.15625019625082429,1,14317,0,8
3,doc2_Random,0,,12412,0,0
3,doc1_Q_learner,0.19230828681970435,,14318,0,9
3,doc2_Random,0.22727325486918776,,12412,0,0
3,doc1_Q_learner,0.15625019622716388,1,14319,0,9
3,doc2_Random,0.22727325481530314,,12413,0,0
3,doc1_Q_learner,0.4166680620066775,,14320,0,9
3,doc2_Random,0,,12413,0,0
4,doc1_Q_learner,0.4166680619506069,,14320,0,9
4,doc2_Random,0.2941189722055769,,12413,0,0
4,doc1_Q_learner,0.5000030136397334,,14320,0,9
4,doc2_Random,0,,12413,0,0
4,doc1_Q_learner,0.2941186897753029,,14322,0,9
4,doc2_Random,0,,12413,0,0
4,doc1_Q_learner,0.4545471147823006,,14323,0,10
4,doc2_Random,0.22727325474796287,,12413,0,0
4,doc1_Q_learner,0.33333422613507463,,14324,0,10
4,doc2_Random,0.2777785656947868,,12413,0,0
4,doc1_Q_learner,0.16666711303167098,,14324,0,11
4,doc2_Random,0,,12414,0,0
4,doc1_Q_learner,0.14285730682112294,,14324,0,12
4,doc2_Random,0.3846176502929672,,12414,0,0
4,doc1_Q_learner,0.19230828650925952,,14324,0,13
4,doc2_Random,0.2272732546537153,,12415,0,0
4,doc1_Q_learner,0.15625019612470142,1,14325,0,14
4,doc2_Random,0.2272732545998747,,12416,0,0
4,doc1_Q_learner,0.4166680612781112,,14326,0,14
4,doc2_Random,0,,12416,0,0
0,doc1_Q_learner,0.4166675903654522,,21829,0,0
0,doc2_Random,0.2941185376434383,,18536,0,0
0,doc1_Q_learner,0.6250020782692838,,21829,0,0
0,doc2_Random,0.38461690749080085,,18536,0,0
0,doc1_Q_learner,0.41666759031630934,,21830,0,0
0,doc2_Random,0.22727308175825958,,18537,0,0
0,doc1_Q_learner,0.500001995007162,,21830,0,0
0,doc2_Random,0,,18537,0,0
0,doc1_Q_learner,0.16666696220690538,,21832,0,0
0,doc2_Random,0,,18537,0,0
0,doc1_Q_learner,0,,21832,0,1
0,doc2_Random,0.2777783072999073,,18537,0,0
0,doc1_Q_learner,0.1562501298725047,1,21832,0,2
0,doc2_Random,0.22727308172177169,,18539,0,0
0,doc1_Q_learner,0.3571438748806703,,21833,0,3
0,doc2_Random,0,,18539,0,0
0,doc1_Q_learner,0.19230808573144126,,21834,0,4
0,doc2_Random,0.22727308170961075,,18539,0,0
0,doc1_Q_learner,0.15625012985696204,1,21835,0,5
0,doc2_Random,0.5555576732847823,,18540,0,0
1,doc1_Q_learner,0.4166675900706736,,21836,0,6
1,doc2_Random,0.3846169070467359,,18541,0,0
1,doc1_Q_learner,0.5000019944766294,,21836,0,6
1,doc2_Random,0.29411853729210974,,18542,0,0
1,doc1_Q_learner,0.6250020775231935,,21838,0,6
1,doc2_Random,1.0000068605221544,,18542,0,0
1,doc1_Q_learner,0.2173918070105057,,21839,0,6
1,doc2_Random,0.22727308162450735,,18544,0,0
1,doc1_Q_learner,0.15625012983451814,,21840,0,6
1,doc2_Random,0.22727308161235302,,18544,0,0
1,doc1_Q_learner,0.18518554991393132,,21840,0,6
1,doc2_Random,0,,18544,0,0
1,doc1_Q_learner,0.156250129824162,1,21840,0,6
1,doc2_Random,0.22727308158804696,,18545,0,0
1,doc1_Q_learner,0.41666758983744073,,21841,0,7
1,doc2_Random,0.2777783070456563,,18545,0,0
1,doc1_Q_learner,0.3571438744748024,,21841,0,7
1,doc2_Random,0,,18546,0,0
2,doc1_Q_learner,0.4166675897760832,,21842,0,7
2,doc2_Random,0,,18546,0,0
2,doc1_Q_learner,0.38461656440149566,,21842,0,7
2,doc2_Random,0.29411853706313174,,18546,0,0
2,doc1_Q_learner,0.3333339240838346,,21844,0,7
2,doc2_Random,0,,18546,0,0
2,doc1_Q_learner,0.15625012980000416,1,21844,0,8
2,doc2_Random,0.38461690644635427,,18547,0,0
2,doc1_Q_learner,0.21739180683680473,,21845,0,9
2,doc2_Random,0.27777830695491157,,18548,0,0
2,doc1_Q_learner,0.18518554979759638,,21846,0,10
2,doc2_Random,0.3846169063158991,,18549,0,0
2,doc1_Q_learner,0,,21846,0,11
2,doc2_Random,0.22727308148478328,1,18550,0,0
2,doc1_Q_learner,0.41666758954299904,,21847,0,12
2,doc2_Random,0.22727308147263856,,18551,0,0
2,doc1_Q_learner,0.1562501297758553,,21847,0,13
2,doc2_Random,0.555557671941547,,18551,0,0
2,doc1_Q_learner,0,,21847,0,14
2,doc2_Random,0.22727308144835165,1,18552,0,0
3,doc1_Q_learner,0.41666758946941795,,21848,0,14
3,doc2_Random,0,,18553,0,0
3,doc1_Q_learner,0.2941183367386659,,21848,0,14
3,doc2_Random,0.2941185367427603,,18553,0,0
3,doc1_Q_learner,0.45454655268425204,,21849,0,14
3,doc2_Random,0.2941185366970118,,18553,0,0
3,doc1_Q_learner,0.3333339238719015,,21850,0,14
3,doc2_Random,0,,18553,0,0
3,doc1_Q_learner,0.19230808539690103,,21850,0,14
3,doc2_Random,0,,18553,0,0
3,doc1_Q_learner,0.14285725131465418,,21851,0,14
3,doc2_Random,0.22727308139978777,,18553,0,0
3,doc1_Q_learner,0,,21851,0,15
3,doc2_Random,0.22727308138764893,,18553,0,0
3,doc1_Q_learner,0.18518554966680822,1,21851,0,16
3,doc2_Random,0.22727308135123725,,18554,0,0
3,doc1_Q_learner,0.1562501297362017,,21852,0,17
3,doc2_Random,0.2777783066919276,,18554,0,0
3,doc1_Q_learner,0.41666758921197655,,21852,0,17
3,doc2_Random,0.3846169055597004,,18555,0,0
4,doc1_Q_learner,0.41666758918746577,,21852,0,18
4,doc2_Random,0.2941185364226195,,18556,0,0
4,doc1_Q_learner,0.5000019925690459,,21852,0,18
4,doc2_Random,1.000006853821691,,18556,0,0
4,doc1_Q_learner,0.6250020755362355,,21854,0,18
4,doc2_Random,0,,18558,0,0
4,doc1_Q_learner,0.16666696183790142,,21855,0,18
4,doc2_Random,0,,18558,0,0
4,doc1_Q_learner,0.15625012971035368,1,21855,0,19
4,doc2_Random,0.22727308126630585,,18559,0,0
4,doc1_Q_learner,0,,21856,0,20
4,doc2_Random,0.31250100385372753,,18559,0,0
4,doc1_Q_learner,0.15625012970690808,,21856,0,21
4,doc2_Random,0.23809562657194672,,18560,0,0
4,doc1_Q_learner,0.3571438735830316,,21856,0,22
4,doc2_Random,0.22727308122385542,1,18561,0,0
4,doc1_Q_learner,0.41666758894243006,,21858,0,23
4,doc2_Random,0,,18562,0,0
4,doc1_Q_learner,0.21739180642974645,1,21858,0,24
4,doc2_Random,0.22727308118747744,,18563,0,0
0,doc1_Q_learner,0.5000015018367464,,28824,0,0
0,doc2_Random,0.5555571360497287,,25017,0,0
0,doc1_Q_learner,0.4166673619466058,,28826,0,0
0,doc2_Random,0.2272729917697006,,25018,0,0
0,doc1_Q_learner,0.1562500977716817,,28826,0,0
0,doc2_Random,1.0000051205505616,,25018,0,0
0,doc1_Q_learner,0.18518545984712922,,28826,0,0
0,doc2_Random,0.2941183114627077,,25020,0,0
0,doc1_Q_learner,0.357143623301057,,28826,0,1
0,doc2_Random,0.2272729917460007,,25020,0,0
0,doc1_Q_learner,0.15625009776287266,,28827,0,2
0,doc2_Random,0.2777781728451249,,25020,0,0
0,doc1_Q_learner,0.41666736185612246,,28827,0,3
0,doc2_Random,0.3846165206843316,,25021,0,0
0,doc1_Q_learner,0.2173916828101341,,28827,0,4
0,doc2_Random,0.2272729917223051,,25022,0,0
1,doc1_Q_learner,0.5000015015060105,,28828,0,5
1,doc2_Random,1.0000051196330246,,25022,0,0
1,doc1_Q_learner,0.625001564036666,,28830,0,5
1,doc2_Random,0,,25024,0,0
1,doc1_Q_learner,0.3333337782054482,,28831,0,5
1,doc2_Random,0.3846165205825512,,25024,0,0
1,doc1_Q_learner,0.38461627301761336,,28831,0,5
1,doc2_Random,0,,25025,0,0
1,doc1_Q_learner,0.19230798842968463,,28833,0,5
1,doc2_Random,0.22727299169861373,,25025,0,0
1,doc1_Q_learner,0.18518545976740935,1,28834,0,5
1,doc2_Random,0.2777781727541211,,25026,0,0
1,doc1_Q_learner,0.15625009773743317,,28835,0,5
1,doc2_Random,0,,25027,0,0
1,doc1_Q_learner,0.15625009773547682,1,28835,0,5
1,doc2_Random,0.38461652039357896,,25028,0,0
1,doc1_Q_learner,0,,28836,0,6
1,doc2_Random,0.20000020473731436,,25029,0,0
1,doc1_Q_learner,0.41666736166131524,,28836,0,7
1,doc2_Random,0.2272729916478608,1,25029,0,0
2,doc1_Q_learner,0.5000015011153287,,28837,0,7
2,doc2_Random,0.5555571352408032,,25030,0,0
2,doc1_Q_learner,0.41666736161263046,,28839,0,7
2,doc2_Random,0.3846165202627888,,25031,0,0
2,doc1_Q_learner,0.4166673615987217,,28839,0,7
2,doc2_Random,0.27777817267326393,,25032,0,0
2,doc1_Q_learner,0.3571436229637206,,28839,0,7
2,doc2_Random,0,,25033,0,0
2,doc1_Q_learner,0,,28840,0,7
2,doc2_Random,0,,25033,0,0
2,doc1_Q_learner,0.1851854597069631,1,28840,0,8
2,doc2_Random,0.2272729916038907,,25034,0,0
2,doc1_Q_learner,0.1562500977159178,,28841,0,9
2,doc2_Random,0,,25034,0,0
2,doc1_Q_learner,0.38461627270649135,,28841,0,9
2,doc2_Random,0,,25034,0,0
2,doc1_Q_learner,0.19230798832598578,,28843,0,9
2,doc2_Random,0.22727299159712736,,25034,0,0
2,doc1_Q_learner,0.15625009770711878,1,28844,0,9
2,doc2_Random,0.2272729915836017,,25035,0,0
2,doc1_Q_learner,0.4166673614596656,,28845,0,10
2,doc2_Random,0,,25035,0,0
3,doc1_Q_learner,0.5000015007098357,,28845,0,11
3,doc2_Random,0.2941183110122519,,25035,0,0
3,doc1_Q_learner,0.6250015632073513,,28847,0,11
3,doc2_Random,0,,25035,0,0
3,doc1_Q_learner,0.3333337779695642,,28848,0,11
3,doc2_Random,0.2272729915666966,,25035,0,0
3,doc1_Q_learner,0.19230798828156564,,28848,0,11
3,doc2_Random,0,,25035,0,0
3,doc1_Q_learner,0,,28849,0,12
3,doc2_Random,1.0000051166205743,,25035,0,0
3,doc1_Q_learner,0.2941181662778005,,28849,0,13
3,doc2_Random,0,,25037,0,0
3,doc1_Q_learner,0.185185459621834,1,28850,0,13
3,doc2_Random,0.27777817254699094,,25038,0,0
3,doc1_Q_learner,0.15625009768561676,,28851,0,14
3,doc2_Random,0.2272729915328929,,25039,0,0
3,doc1_Q_learner,0.41666736130676807,,28851,0,15
3,doc2_Random,0.3846165197980011,,25039,0,0
3,doc1_Q_learner,0,,28851,0,16
3,doc2_Random,0,,25040,0,0
3,doc1_Q_learner,0.1562500976817083,,28851,0,17
3,doc2_Random,0.22727299151599428,1,25040,0,0
4,doc1_Q_learner,0.5000015003195681,,28852,0,18
4,doc2_Random,1.0000051156390202,,25041,0,0
4,doc1_Q_learner,0.6250015628008392,,28854,0,18
4,doc2_Random,0.22727299150247696,,25043,0,0
4,doc1_Q_learner,0.5000015002445398,,28855,0,18
4,doc2_Random,1.0000051153773357,,25043,0,0
4,doc1_Q_learner,0.18518545956694,,28857,0,18
4,doc2_Random,0.2777781724712659,,25045,0,0
4,doc1_Q_learner,0.3571436225195036,,28857,0,18
4,doc2_Random,0,,25046,0,0
4,doc1_Q_learner,0.14285722449555727,,28858,0,18
4,doc2_Random,0.3846165196092897,,25046,0,0
4,doc1_Q_learner,0.1923079881750117,,28858,0,19
4,doc2_Random,0.227272991472068,,25047,0,0
4,doc1_Q_learner,0,,28859,0,20
4,doc2_Random,0.2272729914653114,,25047,0,0
4,doc1_Q_learner,0.15625009765728762,1,28859,0,21
4,doc2_Random,0.5555571341096979,,25048,0,0
0,doc1_Q_learner,0.5000012032661456,,36034,0,0
0,doc2_Random,1.000004078569564,,31640,0,0
0,doc1_Q_learner,0.6250012533816236,,36036,0,0
0,doc2_Random,1.0000040784863922,,31642,0,0
0,doc1_Q_learner,0.5000012032178859,,36037,0,0
0,doc2_Random,0.22727293793338693,,31644,0,0
0,doc1_Q_learner,0.1851854052451423,,36039,0,0
0,doc2_Random,0,,31644,0,0
0,doc1_Q_learner,0,,36039,0,0
0,doc2_Random,0.3846162895572723,,31644,0,0
0,doc1_Q_learner,0,,36039,0,1
0,doc2_Random,0.2777780924524155,,31645,0,0
0,doc1_Q_learner,0.19230792961326784,,36039,0,2
0,doc2_Random,0,,31646,0,0
0,doc1_Q_learner,0.15625007832806553,1,36040,0,3
0,doc2_Random,0.38461628949269144,,31647,0,0
0,doc1_Q_learner,0.15625007832680904,,36041,0,4
0,doc2_Random,0.2272729379076154,,31648,0,0
0,doc1_Q_learner,0,,36041,0,4
0,doc2_Random,0.22727293790332076,1,31648,0,0
0,doc1_Q_learner,0.4166672236399047,,36042,0,4
0,doc2_Random,0,,31649,0,0
1,doc1_Q_learner,0.5000012030345343,,36042,0,4
1,doc2_Random,0,,31649,0,0
1,doc1_Q_learner,0.3333336897818161,,36044,0,4
1,doc2_Random,1.0000040777379973,,31649,0,0
1,doc1_Q_learner,0.2941180633166441,,36044,0,4
1,doc2_Random,0.29411817615968855,,31651,0,0
1,doc1_Q_learner,0.4545461173365607,,36045,0,5
1,doc2_Random,0.22727293788829087,,31651,0,0
1,doc1_Q_learner,0,,36046,0,6
1,doc2_Random,0,,31651,0,0
1,doc1_Q_learner,0.16666684487804465,,36046,0,7
1,doc2_Random,0,,31651,0,0
1,doc1_Q_learner,0.142857208321457,,36046,0,8
1,doc2_Random,0.2777780923946776,,31651,0,0
1,doc1_Q_learner,0.1923079295599843,,36046,0,8
1,doc2_Random,0.3846162893451126,,31652,0,0
1,doc1_Q_learner,0,,36047,0,9
1,doc2_Random,0.22727293787326316,,31653,0,0
1,doc1_Q_learner,0.15625007831047838,1,36047,0,10
1,doc2_Random,0.22727293786467684,,31654,0,0
1,doc1_Q_learner,0.4166672235327136,,36048,0,10
1,doc2_Random,0,,31654,0,0
2,doc1_Q_learner,0.5000012028030121,,36048,0,10
2,doc2_Random,0.2941181760734041,,31654,0,0
2,doc1_Q_learner,0.6250012528992087,,36050,0,10
2,doc2_Random,1.0000040768652168,,31654,0,0
2,doc1_Q_learner,0.21739160749689465,,36051,0,10
2,doc2_Random,1.0000040767821143,,31656,0,0
2,doc1_Q_learner,0.35714347077315695,,36052,0,10
2,doc2_Random,0.2777780923369608,,31658,0,0
2,doc1_Q_learner,0.18518540515339318,,36053,0,10
2,doc2_Random,0.22727293784106808,,31659,0,0
2,doc1_Q_learner,0.3571434707387178,,36053,0,11
2,doc2_Random,0,,31659,0,0
2,doc1_Q_learner,0,,36054,0,11
2,doc2_Random,0.22727293783677616,,31659,0,0
2,doc1_Q_learner,0.14285720830623605,,36054,0,12
2,doc2_Random,0.2272729378324844,,31659,0,0
2,doc1_Q_learner,0.33333368966178906,,36054,0,12
2,doc2_Random,0,,31659,0,0
2,doc1_Q_learner,0.15625007829352683,1,36054,0,12
2,doc2_Random,0,,31660,0,0
3,doc1_Q_learner,0.500001202561938,,36055,0,12
3,doc2_Random,0.29411817598175766,,31660,0,0
3,doc1_Q_learner,0.625001252648098,,36057,0,12
3,doc2_Random,0.2272729378174646,,31660,0,0
3,doc1_Q_learner,0.4166672233898563,,36058,0,12
3,doc2_Random,1.0000040760758802,,31660,0,0
3,doc1_Q_learner,0.21739160743127894,,36058,0,12
3,doc2_Random,0.22727293780888286,,31662,0,0
3,doc1_Q_learner,0.3571434706403417,,36059,0,12
3,doc2_Random,0.27777809227606054,,31662,0,0
3,doc1_Q_learner,0.1851854051057844,,36060,0,12
3,doc2_Random,0.3846162890040209,,31663,0,0
3,doc1_Q_learner,0.15625007828097484,,36060,0,12
3,doc2_Random,0,,31664,0,0
3,doc1_Q_learner,0.15625007827971987,1,36060,0,12
3,doc2_Random,0.22727293778957644,,31665,0,0
3,doc1_Q_learner,0.4166672233139932,,36061,0,12
3,doc2_Random,0,,31665,0,0
4,doc1_Q_learner,0.5000012023305976,,36061,0,12
4,doc2_Random,0.29411817588475486,,31665,0,0
4,doc1_Q_learner,0.6250012524071265,,36063,0,12
4,doc2_Random,1.0000040754114128,,31665,0,0
4,doc1_Q_learner,0.21739160737783528,,36064,0,12
4,doc2_Random,0,,31667,0,0
4,doc1_Q_learner,0.33333368955611786,,36065,0,12
4,doc2_Random,0.2272729377745628,,31667,0,0
4,doc1_Q_learner,0.1851854050687696,1,36065,0,12
4,doc2_Random,0.22727293776169566,,31668,0,0
4,doc1_Q_learner,0.357143470502668,,36066,0,13
4,doc2_Random,0,,31668,0,0
4,doc1_Q_learner,0.1562500782659178,1,36067,0,14
4,doc2_Random,0.2777780921991676,,31669,0,0
4,doc1_Q_learner,0.35714347047808986,,36068,0,14
4,doc2_Random,0.22727293774883014,,31670,0,0
4,doc1_Q_learner,0.15625007826278164,,36069,0,14
4,doc2_Random,0.5555568131912909,,31670,0,0
0,doc1_Q_learner,0.5000010043542104,,43027,0,0
0,doc2_Random,1.0000033930913268,,38074,0,0
0,doc1_Q_learner,0.6250010461879423,,43029,0,0
0,doc2_Random,0.3846161375000245,,38076,0,0
0,doc1_Q_learner,0.41666713163259955,,43030,0,0
0,doc2_Random,0.2777780395786347,,38077,0,0
0,doc1_Q_learner,0.5000010043071386,,43030,0,0
0,doc2_Random,0.22727290252484322,,38078,0,0
0,doc1_Q_learner,0.18518536886679862,,43032,0,0
0,doc2_Random,0,,38078,0,0
0,doc1_Q_learner,0.14285719751102924,,43032,0,0
0,doc2_Random,0.38461613745532275,,38078,0,0
0,doc1_Q_learner,0.19230789038242965,,43032,0,1
0,doc2_Random,0.22727290251741092,,38079,0,0
0,doc1_Q_learner,0.15625006537922254,1,43033,0,2
0,doc2_Random,0.22727290251146554,,38080,0,0
0,doc1_Q_learner,0.41666713157968144,,43034,0,2
0,doc2_Random,0,,38080,0,0
1,doc1_Q_learner,0.5000010041928399,,43034,0,2
1,doc2_Random,0.29411808726705607,,38080,0,0
1,doc1_Q_learner,0.41666713156411955,,43036,0,2
1,doc2_Random,1.0000033924869984,,38080,0,0
1,doc1_Q_learner,0.6250010460058476,,43036,0,2
1,doc2_Random,0,,38082,0,0
1,doc1_Q_learner,0,,43037,0,2
1,doc2_Random,0,,38082,0,0
1,doc1_Q_learner,0,,43037,0,3
1,doc2_Random,0.22727290250106208,,38082,0,0
1,doc1_Q_learner,0,,43037,0,4
1,doc2_Random,0,,38082,0,0
1,doc1_Q_learner,0.18518536884097678,1,43037,0,5
1,doc2_Random,0.2777780395253491,,38083,0,0
1,doc1_Q_learner,0.15625006537265762,,43038,0,6
1,doc2_Random,0.38461613731486605,,38084,0,0
1,doc1_Q_learner,0.15625006537178243,,43038,0,7
1,doc2_Random,0.22727290248471627,,38085,0,0
1,doc1_Q_learner,0.4166671315267754,,43038,0,8
1,doc2_Random,0,,38085,0,0
1,doc1_Q_learner,0.21739155742180177,1,43038,0,9
1,doc2_Random,0.38461613725742155,,38086,0,0
1,doc1_Q_learner,0,,43040,0,10
1,doc2_Random,0.2272729024713447,1,38087,0,0
2,doc1_Q_learner,0.5000010040382418,,43041,0,11
2,doc2_Random,1.0000033917966007,,38088,0,0
2,doc1_Q_learner,0.6250010458588174,,43043,0,11
2,doc2_Random,0.29411808715880955,,38090,0,0
2,doc1_Q_learner,0.41666713148632595,,43044,0,11
2,doc2_Random,0,,38090,0,0
2,doc1_Q_learner,0.29411799446033543,,43044,0,11
2,doc2_Random,0,,38090,0,0
2,doc1_Q_learner,0.19230789032807463,,43045,0,11
2,doc2_Random,0.22727290246094597,,38090,0,0
2,doc1_Q_learner,0.16666681539797376,,43046,0,11
2,doc2_Random,0,,38090,0,0
2,doc1_Q_learner,0,,43046,0,12
2,doc2_Random,0.277778039474304,,38090,0,0
2,doc1_Q_learner,0,,43046,0,13
2,doc2_Random,0,,38091,0,0
2,doc1_Q_learner,0.14285719749237402,,43046,0,14
2,doc2_Random,0.22727290245500445,,38091,0,0
2,doc1_Q_learner,0.29411799443010983,,43046,0,15
2,doc2_Random,0,,38091,0,0
2,doc1_Q_learner,0.1562500653573447,1,43047,0,16
2,doc2_Random,0.22727290244906329,,38092,0,0
2,doc1_Q_learner,0.41666713142410977,,43048,0,16
2,doc2_Random,0,,38092,0,0
3,doc1_Q_learner,0.5000010038568179,,43048,0,16
3,doc2_Random,1.0000033913652449,,38092,0,0
3,doc1_Q_learner,0.6250010456698394,,43050,0,16
3,doc2_Random,0.2941180871028408,,38094,0,0
3,doc1_Q_learner,0.416667131402338,,43051,0,16
3,doc2_Random,0.22727290243866727,,38094,0,0
3,doc1_Q_learner,0.1851853687795254,,43051,0,16
3,doc2_Random,0,,38094,0,0
3,doc1_Q_learner,0.19230789029097128,,43051,0,16
3,doc2_Random,0.38461613708514086,,38094,0,0
3,doc1_Q_learner,0.15625006534903496,1,43052,0,17
3,doc2_Random,0.22727290242827244,,38096,0,0
3,doc1_Q_learner,0,,43053,0,17
3,doc2_Random,0,,38096,0,0
3,doc1_Q_learner,0.15625006534816036,,43053,0,18
3,doc2_Random,0.20000013563814187,,38096,0,0
3,doc1_Q_learner,0.4166671313588007,,43053,0,19
3,doc2_Random,0.27777803942106083,1,38096,0,0
3,doc1_Q_learner,0.35714336923558554,,43054,0,20
3,doc2_Random,0,,38098,0,0
4,doc1_Q_learner,0.5000010036821754,,43055,0,20
4,doc2_Random,0.29411808704315656,,38098,0,0
4,doc1_Q_learner,0.41666713132770755,,43057,0,20
4,doc2_Random,1.000003390761531,,38098,0,0
4,doc1_Q_learner,0.6250010454739343,,43057,0,20
4,doc2_Random,0.2272729024119402,,38100,0,0
4,doc1_Q_learner,0.21739155731004528,,43058,0,20
4,doc2_Random,0.27777803940110024,,38100,0,0
4,doc1_Q_learner,0.18518536874267436,,43059,0,20
4,doc2_Random,0.38461613695757635,,38101,0,0
4,doc1_Q_learner,0.35714336917391437,,43059,0,21
4,doc2_Random,0,,38102,0,0
4,doc1_Q_learner,0.14285719747300074,,43060,0,22
4,doc2_Random,0.22727290240154854,,38102,0,0
4,doc1_Q_learner,0.1562500653354815,1,43060,0,22
4,doc2_Random,0.22727290239561102,,38103,0,0
4,doc1_Q_learner,0.41666713126864213,,43061,0,22
4,doc2_Random,0,,38103,0,0
0,doc1_Q_learner,0.41666946969034435,,7119,0,0
0,doc2_Random,0.2941203156236107,,6030,0,0
0,doc1_Q_learner,0.6250063063153964,,7119,0,0
0,doc2_Random,0.22727378943875573,,6030,0,0
0,doc1_Q_learner,0.4166694692378576,,7120,0,0
0,doc2_Random,0.2941203149377744,,6030,0,0
0,doc1_Q_learner,0.21739282988745715,,7120,0,0
0,doc2_Random,0.22727378916580232,,6030,0,0
0,doc1_Q_learner,0.3571459448243665,,7121,0,0
0,doc2_Random,0,,6030,0,0
0,doc1_Q_learner,0.18518629188168398,1,7122,0,0
0,doc2_Random,0,,6031,0,0
0,doc1_Q_learner,0.14285747212804162,,7123,0,0
0,doc2_Random,0.277779363575123,,6031,0,0
0,doc1_Q_learner,0.29411974036326366,,7123,0,0
0,doc2_Random,0,,6032,0,0
0,doc1_Q_learner,0.15625039382383413,1,7124,0,0
0,doc2_Random,0.22727378862031608,,6033,0,0
0,doc1_Q_learner,0.41666946697761315,,7125,0,0
0,doc2_Random,0,,6033,0,0
1,doc1_Q_learner,0.41666946675178923,,7125,0,0
1,doc2_Random,1.0000205459046876,,6033,0,0
1,doc1_Q_learner,0.500006047484851,,7125,0,0
1,doc2_Random,0.2941203126085656,,6035,0,0
1,doc1_Q_learner,0.6250062989427854,,7127,0,0
1,doc2_Random,0,,6035,0,0
1,doc1_Q_learner,0.1851862909895412,1,7128,0,0
1,doc2_Random,0.3846199412377974,,6036,0,0
1,doc1_Q_learner,0.21739282798159512,,7129,0,1
1,doc2_Random,0,,6037,0,0
1,doc1_Q_learner,0.15625039352230802,1,7130,0,1
1,doc2_Random,0.27777936194723574,,6038,0,0
1,doc1_Q_learner,0.15625039349059527,,7131,0,1
1,doc2_Random,0.22727378763985184,,6039,0,0
1,doc1_Q_learner,0,,7131,0,2
1,doc2_Random,0.3125030066868716,,6039,0,0
1,doc1_Q_learner,0,,7131,0,3
1,doc2_Random,0.22727378736782206,1,6040,0,0
1,doc1_Q_learner,0.416669464382835,,7132,0,4
1,doc2_Random,0.22727378725904923,,6041,0,0
2,doc1_Q_learner,0.4166694641574293,,7132,0,4
2,doc2_Random,1.000020519555136,,6041,0,0
2,doc1_Q_learner,0.5000060418823283,,7132,0,4
2,doc2_Random,0,,6043,0,0
2,doc1_Q_learner,0.16666756161014654,,7134,0,4
2,doc2_Random,0.38461993703098735,,6043,0,0
2,doc1_Q_learner,0.1428574715844046,,7134,0,5
2,doc2_Random,0.5555618870698448,,6044,0,0
2,doc1_Q_learner,0,,7134,0,6
2,doc2_Random,0.2941203085081033,,6045,0,0
2,doc1_Q_learner,0.19230888351363823,,7134,0,7
2,doc2_Random,0.22727378660688066,,6045,0,0
2,doc1_Q_learner,0.15625039315791991,1,7135,0,8
2,doc2_Random,0.2777793599170706,,6046,0,0
2,doc1_Q_learner,0,,7136,0,9
2,doc2_Random,0.3125030031424883,,6047,0,0
2,doc1_Q_learner,0,,7136,0,10
2,doc2_Random,0.20000081996953814,,6048,0,0
2,doc1_Q_learner,0,,7136,0,11
2,doc2_Random,0.22727378600976414,1,6048,0,0
2,doc1_Q_learner,0.4166694620178858,,7137,0,11
2,doc2_Random,0,,6049,0,0
3,doc1_Q_learner,0.41666946179286096,,7137,0,11
3,doc2_Random,0.2941203063263442,,6049,0,0
3,doc1_Q_learner,0.6250062885488041,,7137,0,11
3,doc2_Random,0.22727378573856996,,6049,0,0
3,doc1_Q_learner,0.4166694613429202,,7138,0,11
3,doc2_Random,0.3846199309681792,,6049,0,0
3,doc1_Q_learner,0.5000060358043916,,7138,0,11
3,doc2_Random,0,,6050,0,0
3,doc1_Q_learner,0.19230888260307127,,7140,0,11
3,doc2_Random,0,,6050,0,0
3,doc1_Q_learner,0.1666675605661602,,7141,0,11
3,doc2_Random,0,,6050,0,0
3,doc1_Q_learner,0.15625039279420602,1,7141,0,11
3,doc2_Random,0.22727378535913145,,6051,0,0
3,doc1_Q_learner,0.15625039276261052,,7142,0,11
3,doc2_Random,0.22727378525077044,,6051,0,0
3,doc1_Q_learner,0.4166694594322866,,7142,0,11
3,doc2_Random,0.2777793580539089,,6051,0,0
3,doc1_Q_learner,0.35714593451917637,,7142,0,11
3,doc2_Random,0,,6052,0,0
4,doc1_Q_learner,0.4166694588708326,,7143,0,11
4,doc2_Random,0.3846199284080035,,6052,0,0
4,doc1_Q_learner,0.4166694586463142,,7143,0,11
4,doc2_Random,0.2941203037401468,,6053,0,0
4,doc1_Q_learner,0.5000060299810659,,7143,0,11
4,doc2_Random,0.27777935740688087,,6053,0,0
4,doc1_Q_learner,0.625006280712685,,7145,0,11
4,doc2_Random,0.22727378460107003,,6054,0,0
4,doc1_Q_learner,0.3571459330349581,,7146,0,11
4,doc2_Random,0,,6054,0,0
4,doc1_Q_learner,0.18518628765677767,1,7147,0,11
4,doc2_Random,0,,6055,0,0
4,doc1_Q_learner,0.15625039239962732,1,7148,0,12
4,doc2_Random,0.22727378416837957,,6056,0,0
4,doc1_Q_learner,0.15625039236809526,,7149,0,13
4,doc2_Random,0.5555618702296584,,6056,0,0
4,doc1_Q_learner,0.21739282314618322,,7149,0,14
4,doc2_Random,0.22727378395216707,,6057,0,0
0,doc1_Q_learner,0.5000005995642367,,73207,0,0
0,doc2_Random,1.0000020685239943,,62725,0,0
0,doc1_Q_learner,0.6250006245409624,,73209,0,0
0,doc2_Random,0.3846158435998729,,62727,0,0
0,doc1_Q_learner,0.5000005995522544,,73210,0,0
0,doc2_Random,1.0000020684705109,,62728,0,0
0,doc1_Q_learner,0.21739145546121405,,73212,0,0
0,doc2_Random,0.2272728341139366,,62730,0,0
0,doc1_Q_learner,0.18518529483908913,,73213,0,0
0,doc2_Random,0.27777793737844414,,62730,0,0
0,doc1_Q_learner,0.35714316302331095,,73213,0,0
0,doc2_Random,0,,62731,0,0
0,doc1_Q_learner,0.15625003903128473,1,73214,0,0
0,doc2_Random,0.2272728341106218,,62732,0,0
0,doc1_Q_learner,0.15625003903097276,,73215,0,0
0,doc2_Random,0.22727283410951687,,62732,0,0
0,doc1_Q_learner,0.4166669442181475,,73215,0,0
0,doc2_Random,0,,62732,0,0
1,doc1_Q_learner,0.5000005995043298,,73215,0,0
1,doc2_Random,0.5555561939321791,,62732,0,0
1,doc1_Q_learner,0.41666694421260103,,73217,0,0
1,doc2_Random,0.22727283410730711,,62733,0,0
1,doc1_Q_learner,0.5000005994923499,,73217,0,0
1,doc2_Random,1.0000020682993822,,62733,0,0
1,doc1_Q_learner,0.35714316300252896,,73219,0,0
1,doc2_Random,0,,62735,0,0
1,doc1_Q_learner,0.21739145544430413,1,73220,0,0
1,doc2_Random,0.22727283410288798,,62736,0,0
1,doc1_Q_learner,0.18518529482681884,,73222,0,0
1,doc2_Random,0,,62736,0,0
1,doc1_Q_learner,0.15625003902738513,1,73222,0,0
1,doc2_Random,0.2777779373602895,,62737,0,0
1,doc1_Q_learner,0.35714316298663873,,73223,0,0
1,doc2_Random,0.22727283409957383,,62738,0,0
1,doc1_Q_learner,0.1562500390266053,,73224,0,0
1,doc2_Random,0.5555561938727676,,62738,0,0
2,doc1_Q_learner,0.5000005994420393,,73224,0,0
2,doc2_Random,1.000002068128282,,62739,0,0
2,doc1_Q_learner,0.6250006244136757,,73226,0,0
2,doc2_Random,1.0000020681068964,,62741,0,0
2,doc1_Q_learner,0.5000005994300619,,73227,0,0
2,doc2_Random,0.2272728340951553,,62743,0,0
2,doc1_Q_learner,0.2173914554304167,,73229,0,0
2,doc2_Random,0,,62743,0,0
2,doc1_Q_learner,0.2941178544681655,,73230,0,0
2,doc2_Random,0,,62743,0,0
2,doc1_Q_learner,0.18518529481542745,1,73231,0,0
2,doc2_Random,0.22727283409184165,,62744,0,0
2,doc1_Q_learner,0.15625003902333034,,73232,0,0
2,doc2_Random,0,,62744,0,0
2,doc1_Q_learner,0.15625003902301848,1,73232,0,0
2,doc2_Random,0.27777793734378886,,62745,0,0
2,doc1_Q_learner,0.3571431629524192,,73233,0,0
2,doc2_Random,0.2272728340885282,,62746,0,0
2,doc1_Q_learner,0.4166669441582581,,73234,0,0
2,doc2_Random,0,,62746,0,0
3,doc1_Q_learner,0.5000005993749718,,73234,0,0
3,doc2_Random,1.0000020679358277,,62746,0,0
3,doc1_Q_learner,0.6250006243438146,,73236,0,0
3,doc2_Random,0.29411791538512533,,62748,0,0
3,doc1_Q_learner,0.41666694415049654,,73237,0,0
3,doc2_Random,0.3846158434622504,,62748,0,0
3,doc1_Q_learner,0.2173914554141173,,73237,0,0
3,doc2_Random,0.2777779373338901,,62749,0,0
3,doc1_Q_learner,0.3571431629328687,,73238,0,0
3,doc2_Random,0.2272728340819019,,62750,0,0
3,doc1_Q_learner,0.18518529480360044,,73239,0,0
3,doc2_Random,0.2272728340807976,,62750,0,0
3,doc1_Q_learner,0.15625003901912052,,73239,0,0
3,doc2_Random,0,,62750,0,0
3,doc1_Q_learner,0.1562500390188087,1,73239,0,0
3,doc2_Random,0.22727283407858906,,62751,0,0
3,doc1_Q_learner,0.4166669441316489,,73240,0,0
3,doc2_Random,0,,62751,0,0
4,doc1_Q_learner,0.5000005993174972,,73240,0,0
4,doc2_Random,1.0000020677434096,,62751,0,0
4,doc1_Q_learner,0.6250006242839463,,73242,0,0
4,doc2_Random,0.2777779373239926,,62753,0,0
4,doc1_Q_learner,0.35714316291087733,,73243,0,0
4,doc2_Random,1.000002067700655,,62754,0,0
4,doc1_Q_learner,0.5000005992983415,,73244,0,0
4,doc2_Random,0.3846158434171852,,62756,0,0
4,doc1_Q_learner,0.18518529479440338,,73246,0,0
4,doc2_Random,0,,62757,0,0
4,doc1_Q_learner,0.19230781050864637,,73246,0,0
4,doc2_Random,0.22727283407251606,,62757,0,0
4,doc1_Q_learner,0.15625003901522333,1,73247,0,0
4,doc2_Random,0,,62758,0,0
4,doc1_Q_learner,0.15625003901491158,1,73248,0,0
4,doc2_Random,0.2272728340692038,,62759,0,0
4,doc1_Q_learner,0.41666694410393645,,73249,0,0
4,doc2_Random,0.22727283406809975,,62759,0,0
0,doc1_Q_learner,0.4990925589836661,,0,0,0
0,doc2_Random,0.2938034188034188,,0,0,0
0,doc1_Q_learner,0.6240428790199081,,2,0,0
0,doc2_Random,0.9975520195838433,,0,0,0
0,doc1_Q_learner,0.2171537831193663,,3,0,0
0,doc2_Random,0.22714446952595937,,2,0,0
0,doc1_Q_learner,0.4162248144220573,,4,0,0
0,doc2_Random,0.27758379888268153,,2,0,0
0,doc1_Q_learner,0.35664659564613244,,4,0,0
0,doc2_Random,0.38404726735598227,,3,0,0
0,doc1_Q_learner,0.15618577887381835,,5,0,0
0,doc2_Random,0.22713864306784662,,4,0,0
0,doc1_Q_learner,0.185,,5,0,0
0,doc2_Random,0.5547445255474452,,4,0,0
0,doc1_Q_learner,0.1561831407787762,,5,0,0
0,doc2_Random,0.2271350696547547,,5,0,0
1,doc1_Q_learner,0.4989532449406838,,5,0,0
1,doc2_Random,0.2937649880095923,,5,0,0
1,doc1_Q_learner,0.6238938053097346,,7,0,0
1,doc2_Random,0,,5,0,0
1,doc1_Q_learner,0.3330138955438428,,8,0,0
1,doc2_Random,0.22713032581453638,,5,0,0
1,doc1_Q_learner,0.19208878770631763,,8,0,0
1,doc2_Random,0.9972105997210601,,5,0,0
1,doc1_Q_learner,0.29372496662216285,,9,0,0
1,doc2_Random,0,,7,0,0
1,doc1_Q_learner,0.18497109826589597,1,10,0,0
1,doc2_Random,0.22712201591511938,,8,0,0
1,doc1_Q_learner,0.1561725334655429,,11,0,0
1,doc2_Random,0.27754934210526316,,8,0,0
1,doc1_Q_learner,0.3565217391304348,,11,0,0
1,doc2_Random,0,,9,0,0
1,doc1_Q_learner,0.15616933402168304,1,12,0,0
1,doc2_Random,0.22711511789181693,,10,0,0
1,doc1_Q_learner,0.4160839160839161,,13,0,0
1,doc2_Random,0,,10,0,0
2,doc1_Q_learner,0.4987102321582116,,13,0,0
2,doc2_Random,0.9969088098918084,,10,0,0
2,doc1_Q_learner,0.49867608120035306,,15,0,0
2,doc2_Random,0.3839122486288848,,12,0,0
2,doc1_Q_learner,0.6235955056179775,,17,0,0
2,doc2_Random,0.2271062271062271,,13,0,0
2,doc1_Q_learner,0.41603053435114506,,18,0,0
2,doc2_Random,0.27752502274795265,,13,0,0
2,doc1_Q_learner,0.35642232683254876,,18,0,0
2,doc2_Random,0,,14,0,0
2,doc1_Q_learner,0.2170212765957447,1,19,0,0
2,doc2_Random,0,,15,0,0
2,doc1_Q_learner,0.1849056603773585,1,21,0,0
2,doc2_Random,0,,16,0,0
2,doc1_Q_learner,0.1561483409238777,1,22,0,0
2,doc2_Random,0.22708505367464907,,17,0,0
2,doc1_Q_learner,0.15614617940199338,,23,0,0
2,doc2_Random,0.2270815811606392,,17,0,0
2,doc1_Q_learner,0.41591320072332727,,23,0,0
2,doc2_Random,0,,17,0,0
3,doc1_Q_learner,0.49832026875699886,,23,0,0
3,doc2_Random,0.9962406015037594,,17,0,0
3,doc1_Q_learner,0.4982618771726536,,25,0,0
3,doc2_Random,0.5543710021321961,,19,0,0
3,doc1_Q_learner,0.4158415841584159,,27,0,0
3,doc2_Random,0.27747551686615884,,20,0,0
3,doc1_Q_learner,0.35620052770448546,,27,0,0
3,doc2_Random,0.22706630336058128,,21,0,0
3,doc1_Q_learner,0.21690140845070427,,28,0,0
3,doc2_Random,0.3837025316455696,,21,0,0
3,doc1_Q_learner,0.15611990008326396,,29,0,0
3,doc2_Random,0.22705544933078395,,22,0,0
3,doc1_Q_learner,0.18479958355023426,,29,0,0
3,doc2_Random,0,,22,0,0
3,doc1_Q_learner,0.1561085972850679,1,29,0,0
3,doc2_Random,0.22704590818363277,,23,0,0
3,doc1_Q_learner,0.41563275434243174,,30,0,0
3,doc2_Random,0,,23,0,0
4,doc1_Q_learner,0.4976671850699845,,30,0,0
4,doc2_Random,0.9955257270693513,,23,0,0
4,doc1_Q_learner,0.4975530179445351,,32,0,0
4,doc2_Random,0,,25,0,0
4,doc1_Q_learner,0.14271891630382197,,34,0,0
4,doc2_Random,0,,25,0,0
4,doc1_Q_learner,0.4531001589825119,,34,0,0
4,doc2_Random,0.9954233409610983,,25,0,0
4,doc1_Q_learner,0.21668029435813574,1,35,0,0
4,doc2_Random,0.3835091083413231,,28,0,0
4,doc1_Q_learner,0.18462697814619444,,37,0,0
4,doc2_Random,0,,29,0,0
4,doc1_Q_learner,0,,37,0,0
4,doc2_Random,0.22700814901047733,,29,0,0
4,doc1_Q_learner,0.15604249667994688,1,37,0,1
4,doc2_Random,0.5538922155688623,,30,0,0
4,doc1_Q_learner,0,,38,0,2
4,doc2_Random,0.19977802441731413,,31,0,0
4,doc1_Q_learner,0,,38,0,3
4,doc2_Random,0.1997716894977169,,31,0,0
4,doc1_Q_learner,0,,38,0,4
4,doc2_Random,0.27732463295269166,1,31,0,0
4,doc1_Q_learner,0.3553299492385787,,39,0,4
4,doc2_Random,0,,33,0,0
